"FUA","FUA06","UA2006","UA2012","UA2018","NAME06","NAME"
"AL001",NA,NA,"X","X",NA,"TIRANA"
"AL003",NA,NA,"X","X",NA,"ELBASAN"
"AL004",NA,NA,"X","X",NA,"SHKODER"
"AL005",NA,NA,"X","X",NA,"VLORE"
"AT001","AT001","X","X","X","WIEN","WIEN"
"AT002","AT002","X","X","X","GRAZ","GRAZ"
"AT003","AT003","X","X","X","LINZ","LINZ"
"AT004","AT004","X","X","X","SALZBURG","SALZBURG"
"AT005","AT005","X","X","X","INNSBRUCK","INNSBRUCK"
"AT006",NA,NA,"X","X",NA,"KLAGENFURT"
"BA001",NA,NA,"X","X",NA,"SARAJEVO"
"BA002",NA,NA,"X","X",NA,"BANJA_LUKA"
"BA003",NA,NA,"X","X",NA,"MOSTAR"
"BA004",NA,NA,"X","X",NA,"TUZLA"
"BA005",NA,NA,"X","X",NA,"ZENICA"
"BE001","BE001","X","X","X","BRUXELLES_BRUSSEL","BRUXELLES_BRUSSEL"
"BE002","BE002","X","X","X","ANTWERPEN","ANTWERPEN"
"BE003","BE003","X","X","X","GENT","GENT"
"BE004","BE004","X","X","X","CHARLEROI","CHARLEROI"
"BE005","BE005","X","X","X","LIEGE","LIEGE"
"BE006","BE006","X","X","X","BRUGGE","BRUGGE"
"BE007","BE007","X","X","X","NAMUR","NAMUR"
"BE008",NA,NA,"X","X",NA,"LEUVEN"
"BE009",NA,NA,"X","X",NA,"MONS"
"BE010",NA,NA,"X","X",NA,"KORTRIJK"
"BE011",NA,NA,"X","X",NA,"OOSTENDE"
"BG001","BG001","X","X","X","SOFIA","SOFIA"
"BG002","BG002","X","X","X","PLOVDIV","PLOVDIV"
"BG003","BG003","X","X","X","VARNA","VARNA"
"BG004","BG004","X","X","X","BURGAS","BURGAS"
"BG005","BG005","X","X","X","PLEVEN","PLEVEN"
"BG006","BG006","X","X","X","RUSE","RUSE"
"BG007","BG007","X","X","X","VIDIN","VIDIN"
"BG008","BG008","X","X","X","STARA_ZAGORA","STARA_ZAGORA"
"BG009",NA,NA,"X","X",NA,"SLIVEN"
"BG010",NA,NA,"X","X",NA,"DOBRICH"
"BG011",NA,NA,"X","X",NA,"SHUMEN"
"BG013",NA,NA,"X","X",NA,"YAMBOL"
"BG014",NA,NA,"X","X",NA,"HASKOVO"
"BG015",NA,NA,"X","X",NA,"PAZARDZHIK"
"BG016",NA,NA,"X","X",NA,"BLAGOEVGRAD"
"BG017",NA,NA,"X","X",NA,"VELIKO_TARNOVO"
"BG018",NA,NA,"X","X",NA,"VRATSA"
"CH001",NA,NA,"X","X",NA,"ZURICH"
"CH002",NA,NA,"X","X",NA,"GENEVE"
"CH003",NA,NA,"X","X",NA,"BASEL"
"CH004",NA,NA,"X","X",NA,"BERN"
"CH005",NA,NA,"X","X",NA,"LAUSANNE"
"CH006",NA,NA,"X","X",NA,"WINTERTHUR"
"CH007",NA,NA,"X","X",NA,"GALLEN"
"CH008",NA,NA,"X","X",NA,"LUZERN"
"CH009",NA,NA,"X","X",NA,"LUGANO"
"CH010",NA,NA,"X","X",NA,"BIEL_BIENNE"
"CY001","CY001","X","X","X","LEFKOSIA","LEFKOSIA"
"CY501",NA,NA,"X","X",NA,"LEMESOS"
"CZ001","CZ001","X","X","X","PRAHA","PRAHA"
"CZ002","CZ002","X","X","X","BRNO","BRNO"
"CZ003","CZ003","X","X","X","OSTRAVA","OSTRAVA"
"CZ004","CZ004","X","X","X","PLZEN","PLZEN"
"CZ005","CZ005","X","X","X","USTI_NAD_LABEM","USTI_NAD_LABEM"
"CZ006","CZ006","X","X","X","OLOMOUC","OLOMOUC"
"CZ007","CZ007","X","X","X","LIBEREC","LIBEREC"
"CZ008","CZ008","X","X","X","CESKE_BUDEJOVICE","CESKE_BUDEJOVICE"
"CZ009","CZ009","X","X","X","HRADEC_KRALOVE","HRADEC_KRALOVE"
"CZ010","CZ010","X","X","X","PARDUBICE","PARDUBICE"
"CZ011","CZ011","X","X","X","ZLIN","ZLIN"
"CZ013","CZ013","X","X","X","KARLOVY_VARY","KARLOVY_VARY"
"CZ014","CZ014","X","X","X","JIHLAVA","JIHLAVA"
"CZ016",NA,NA,"X","X",NA,"MOST"
"CZ018",NA,NA,"X","X",NA,"CHOMUTOV_JIRKOV"
"DE001","DE001","X","X","X","BERLIN","BERLIN"
"DE002","DE002","X","X","X","HAMBURG","HAMBURG"
"DE003","DE003","X","X","X","MUNCHEN","MUNCHEN"
"DE004","DE004","X","X","X","KOLN","KOLN"
"DE005","DE005","X","X","X","FRANKFURT_MAIN","FRANKFURT_MAIN"
"DE007","DE007","X","X","X","STUTTGART","STUTTGART"
"DE008","DE008","X","X","X","LEIPZIG","LEIPZIG"
"DE009","DE009","X","X","X","DRESDEN","DRESDEN"
"DE011","DE011","X","X","X","DUSSELDORF","DUSSELDORF"
"DE012","DE012","X","X","X","BREMEN","BREMEN"
"DE013","DE013","X","X","X","HANNOVER","HANNOVER"
"DE014","DE014","X","X","X","NURNBERG","NURNBERG"
"DE017","DE017","X","X","X","BIELEFELD","BIELEFELD"
"DE018","DE018","X","X","X","HALLE_DER_SAALE","HALLE_DER_SAALE"
"DE019","DE019","X","X","X","MAGDEBURG","MAGDEBURG"
"DE020","DE020","X","X","X","WIESBADEN","WIESBADEN"
"DE021","DE021","X","X","X","GOTTINGEN","GOTTINGEN"
"DE025","DE025","X","X","X","DARMSTADT","DARMSTADT"
"DE026","DE026","X","X","X","TRIER","TRIER"
"DE027","DE027","X","X","X","FREIBURG_BREISGAU","FREIBURG_BREISGAU"
"DE028","DE028","X","X","X","REGENSBURG","REGENSBURG"
"DE029","DE029","X","X","X","FRANKFURT_ODER","FRANKFURT_ODER"
"DE030","DE030","X","X","X","WEIMAR","WEIMAR"
"DE031","DE031","X","X","X","SCHWERIN","SCHWERIN"
"DE032","DE032","X","X","X","ERFURT","ERFURT"
"DE033","DE033","X","X","X","AUGSBURG","AUGSBURG"
"DE034","DE034","X","X","X","BONN","BONN"
"DE035","DE035","X","X","X","KARLSRUHE","KARLSRUHE"
"DE036","DE036","X","X","X","MONCHENGLADBACH","MONCHENGLADBACH"
"DE037","DE037","X","X","X","MAINZ","MAINZ"
"DE038","DE038","X","X","X","RUHRGEBIET","RUHRGEBIET"
"DE039","DE039","X","X","X","KIEL","KIEL"
"DE040","DE040","X","X","X","SAARBRUCKEN","SAARBRUCKEN"
"DE042","DE042","X","X","X","KOBLENZ","KOBLENZ"
"DE043",NA,NA,"X","X",NA,"ROSTOCK"
"DE044",NA,NA,"X","X",NA,"KAISERSLAUTERN"
"DE045",NA,NA,"X","X",NA,"ISERLOHN"
"DE048",NA,NA,"X","X",NA,"WILHELMSHAVEN"
"DE050",NA,NA,"X","X",NA,"TUBINGEN"
"DE051",NA,NA,"X","X",NA,"VILLINGEN_SCHWENNINGEN"
"DE052",NA,NA,"X","X",NA,"FLENSBURG"
"DE053",NA,NA,"X","X",NA,"MARBURG"
"DE054",NA,NA,"X","X",NA,"KONSTANZ"
"DE055",NA,NA,"X","X",NA,"NEUMUNSTER"
"DE056",NA,NA,"X","X",NA,"BRANDENBURG_DER_HAVEL"
"DE057",NA,NA,"X","X",NA,"GIESSEN"
"DE058",NA,NA,"X","X",NA,"LUNEBURG"
"DE059",NA,NA,"X","X",NA,"BAYREUTH"
"DE060",NA,NA,"X","X",NA,"CELLE"
"DE061",NA,NA,"X","X",NA,"ASCHAFFENBURG"
"DE062",NA,NA,"X","X",NA,"BAMBERG"
"DE063",NA,NA,"X","X",NA,"PLAUEN"
"DE064",NA,NA,"X","X",NA,"NEUBRANDENBURG"
"DE065",NA,NA,"X","X",NA,"FULDA"
"DE066",NA,NA,"X","X",NA,"KEMPTEN_ALLGAU"
"DE067",NA,NA,"X","X",NA,"LANDSHUT"
"DE069",NA,NA,"X","X",NA,"ROSENHEIM"
"DE071",NA,NA,"X","X",NA,"STRALSUND"
"DE072",NA,NA,"X","X",NA,"FRIEDRICHSHAFEN"
"DE073",NA,NA,"X","X",NA,"OFFENBURG"
"DE074",NA,NA,"X","X",NA,"GORLITZ"
"DE077",NA,NA,"X","X",NA,"SCHWEINFURT"
"DE078",NA,NA,"X","X",NA,"GREIFSWALD"
"DE079",NA,NA,"X","X",NA,"WETZLAR"
"DE081",NA,NA,"X","X",NA,"PASSAU"
"DE082",NA,NA,"X","X",NA,"DESSAU_ROSSLAU"
"DE083",NA,NA,"X","X",NA,"BRAUNSCHWEIG_SALZGITTER_WOLFSBURG"
"DE084",NA,NA,"X","X",NA,"MANNHEIM_LUDWIGSHAFEN"
"DE504",NA,NA,"X","X",NA,"MUNSTER"
"DE505",NA,NA,"X","X",NA,"CHEMNITZ"
"DE507",NA,NA,"X","X",NA,"AACHEN"
"DE508",NA,NA,"X","X",NA,"KREFELD"
"DE510",NA,NA,"X","X",NA,"LUBECK"
"DE513",NA,NA,"X","X",NA,"KASSEL"
"DE516",NA,NA,"X","X",NA,"SOLINGEN"
"DE517",NA,NA,"X","X",NA,"OSNABRUCK"
"DE520",NA,NA,"X","X",NA,"OLDENBURG_OLDENBURG"
"DE522",NA,NA,"X","X",NA,"HEIDELBERG"
"DE523",NA,NA,"X","X",NA,"PADERBORN"
"DE524",NA,NA,"X","X",NA,"WURZBURG"
"DE527",NA,NA,"X","X",NA,"BREMERHAVEN"
"DE529",NA,NA,"X","X",NA,"HEILBRONN"
"DE530",NA,NA,"X","X",NA,"REMSCHEID"
"DE532",NA,NA,"X","X",NA,"ULM"
"DE533",NA,NA,"X","X",NA,"PFORZHEIM"
"DE534",NA,NA,"X","X",NA,"INGOLSTADT"
"DE535",NA,NA,"X","X",NA,"GERA"
"DE537",NA,NA,"X","X",NA,"REUTLINGEN"
"DE539",NA,NA,"X","X",NA,"COTTBUS"
"DE540",NA,NA,"X","X",NA,"SIEGEN"
"DE542",NA,NA,"X","X",NA,"HILDESHEIM"
"DE544",NA,NA,"X","X",NA,"ZWICKAU"
"DE546","DE546","X","X","X","WUPPERTAL","WUPPERTAL"
"DE547",NA,NA,"X","X",NA,"JENA"
"DE548",NA,NA,"X","X",NA,"DUREN"
"DE549",NA,NA,"X","X",NA,"BOCHOLT"
"DK001","DK001","X","X","X","KOBENHAVN","KOBENHAVN"
"DK002","DK002","X","X","X","ARHUS","ARHUS"
"DK003","DK003","X","X","X","ODENSE","ODENSE"
"DK004","DK004","X","X","X","AALBORG","AALBORG"
"EE001","EE001","X","X","X","TALLINN","TALLINN"
"EE002","EE002","X","X","X","TARTU","TARTU"
"EE003",NA,NA,"X","X",NA,"NARVA"
"EL001","EL001","X","X","X","ATHINA","ATHINA"
"EL002","EL002","X","X","X","THESSALONIKI","THESSALONIKI"
"EL003","EL003","X","X","X","PATRA","PATRA"
"EL004","EL004","X","X","X","IRAKLEIO","IRAKLEIO"
"EL005","EL005","X","X","X","LARISA","LARISA"
"EL006","EL006","X","X","X","VOLOS","VOLOS"
"EL007","EL007","X","X","X","IOANNINA","IOANNINA"
"EL008","EL008","X","X","X","KAVALA","KAVALA"
"EL009","EL009","X","X","X","KALAMATA","KALAMATA"
"ES001","ES001","X","X","X","MADRID","MADRID"
"ES002","ES002","X","X","X","BARCELONA","BARCELONA"
"ES003","ES003","X","X","X","VALENCIA","VALENCIA"
"ES004","ES004","X","X","X","SEVILLA","SEVILLA"
"ES005","ES005","X","X","X","ZARAGOZA","ZARAGOZA"
"ES006","ES006","X","X","X","MALAGA","MALAGA"
"ES007","ES007","X","X","X","MURCIA","MURCIA"
"ES008","ES008","X","X","X","LAS_PALMAS","LAS_PALMAS"
"ES009","ES009","X","X","X","VALLADOLID","VALLADOLID"
"ES010","ES010","X","X","X","PALMA_MALLORCA","PALMA_MALLORCA"
"ES011","ES011","X","X","X","SANTIAGO_COMPOSTELA","SANTIAGO_COMPOSTELA"
"ES012","ES012","X","X","X","VITORIA_GASTEIZ","VITORIA_GASTEIZ"
"ES013","ES013","X","X","X","OVIEDO","OVIEDO"
"ES014","ES014","X","X","X","PAMPLONA_IRUNA","PAMPLONA_IRUNA"
"ES015","ES015","X","X","X","SANTANDER","SANTANDER"
"ES016","ES016","X","X","X","TOLEDO","TOLEDO"
"ES017","ES017","X","X","X","BADAJOZ","BADAJOZ"
"ES018","ES018","X","X","X","LOGRONO","LOGRONO"
"ES019","ES019","X","X","X","BILBAO","BILBAO"
"ES020","ES020","X","X","X","CORDOBA","CORDOBA"
"ES021","ES021","X","X","X","ALICANTE_ALACANT","ALICANTE_ALACANT"
"ES022","ES022","X","X","X","VIGO","VIGO"
"ES023","ES023","X","X","X","GIJON","GIJON"
"ES025","ES025","X","X","X","SANTA_CRUZ_TENERIFE","SANTA_CRUZ_TENERIFE"
"ES026",NA,NA,"X","X",NA,"CORUNA"
"ES028",NA,NA,"X","X",NA,"REUS"
"ES031",NA,NA,"X","X",NA,"LUGO"
"ES033",NA,NA,"X","X",NA,"GIRONA"
"ES034",NA,NA,"X","X",NA,"CACERES"
"ES035",NA,NA,"X","X",NA,"TORREVIEJA"
"ES039",NA,NA,"X","X",NA,"AVILES"
"ES040",NA,NA,"X","X",NA,"TALAVERA_REINA"
"ES041",NA,NA,"X","X",NA,"PALENCIA"
"ES043",NA,NA,"X","X",NA,"FERROL"
"ES044",NA,NA,"X","X",NA,"PONTEVEDRA"
"ES046",NA,NA,"X","X",NA,"GANDIA"
"ES048",NA,NA,"X","X",NA,"GUADALAJARA"
"ES050",NA,NA,"X","X",NA,"MANRESA"
"ES053",NA,NA,"X","X",NA,"CIUDAD_REAL"
"ES054",NA,NA,"X","X",NA,"BENIDORM"
"ES057",NA,NA,"X","X",NA,"PONFERRADA"
"ES059",NA,NA,"X","X",NA,"ZAMORA"
"ES070",NA,NA,"X","X",NA,"IRUN"
"ES072",NA,NA,"X","X",NA,"ARRECIFE"
"ES501",NA,NA,"X","X",NA,"GRANADA"
"ES505",NA,NA,"X","X",NA,"ELCHE_ELX"
"ES506",NA,NA,"X","X",NA,"CARTAGENA"
"ES508",NA,NA,"X","X",NA,"JEREZ_FRONTERA"
"ES510",NA,NA,"X","X",NA,"DONOSTIA_SAN_SEBASTIAN"
"ES514",NA,NA,"X","X",NA,"ALMERIA"
"ES515",NA,NA,"X","X",NA,"BURGOS"
"ES516",NA,NA,"X","X",NA,"SALAMANCA"
"ES519",NA,NA,"X","X",NA,"ALBACETE"
"ES520",NA,NA,"X","X",NA,"CASTELLON_CASTELLO"
"ES521",NA,NA,"X","X",NA,"HUELVA"
"ES522",NA,NA,"X","X",NA,"CADIZ"
"ES523",NA,NA,"X","X",NA,"LEON"
"ES525",NA,NA,"X","X",NA,"TARRAGONA"
"ES527",NA,NA,"X","X",NA,"JAEN"
"ES528",NA,NA,"X","X",NA,"LLEIDA"
"ES529",NA,NA,"X","X",NA,"OURENSE"
"ES532",NA,NA,"X","X",NA,"ALGECIRAS"
"ES533",NA,NA,"X","X",NA,"MARBELLA"
"ES537",NA,NA,"X","X",NA,"ALCOY"
"ES538",NA,NA,"X","X",NA,"AVILA"
"ES542",NA,NA,"X","X",NA,"CUENCA"
"ES543",NA,NA,"X","X",NA,"EIVISSA"
"ES544",NA,NA,"X","X",NA,"LINARES"
"ES545",NA,NA,"X","X",NA,"LORCA"
"ES546",NA,NA,"X","X",NA,"MERIDA"
"ES547",NA,NA,"X","X",NA,"SAGUNTO"
"ES550",NA,NA,"X","X",NA,"PUERTO_CRUZ"
"ES552",NA,NA,"X","X",NA,"IGUALADA"
"FI001","FI001","X","X","X","HELSINKI","HELSINKI"
"FI002","FI002","X","X","X","TAMPERE","TAMPERE"
"FI003","FI003","X","X","X","TURKU","TURKU"
"FI004","FI004","X","X","X","OULU","OULU"
"FI007",NA,NA,"X","X",NA,"LAHTI"
"FI008",NA,NA,"X","X",NA,"KUOPIO"
"FI009",NA,NA,"X","X",NA,"JYVASKYLA"
"FR001","FR001","X","X","X","PARIS","PARIS"
"FR003","FR003","X","X","X","LYON","LYON"
"FR004","FR004","X","X","X","TOULOUSE","TOULOUSE"
"FR006","FR006","X","X","X","STRASBOURG","STRASBOURG"
"FR007","FR007","X","X","X","BORDEAUX","BORDEAUX"
"FR008","FR008","X","X","X","NANTES","NANTES"
"FR009","FR009","X","X","X","LILLE","LILLE"
"FR010","FR010","X","X","X","MONTPELLIER","MONTPELLIER"
"FR011","FR011","X","X","X","SAINT_ETIENNE","SAINT_ETIENNE"
"FR012","FR012","X","X","X","HAVRE","HAVRE"
"FR013","FR013","X","X","X","RENNES","RENNES"
"FR014","FR014","X","X","X","AMIENS","AMIENS"
"FR016","FR016","X","X","X","NANCY","NANCY"
"FR017","FR017","X","X","X","METZ","METZ"
"FR018","FR018","X","X","X","REIMS","REIMS"
"FR019","FR019","X","X","X","ORLEANS","ORLEANS"
"FR020","FR020","X","X","X","DIJON","DIJON"
"FR021","FR021","X","X","X","POITIERS","POITIERS"
"FR022","FR022","X","X","X","CLERMONT_FERRAND","CLERMONT_FERRAND"
"FR023","FR023","X","X","X","CAEN","CAEN"
"FR024","FR024","X","X","X","LIMOGES","LIMOGES"
"FR025","FR025","X","X","X","BESANCON","BESANCON"
"FR026","FR026","X","X","X","GRENOBLE","GRENOBLE"
"FR027","FR027","X","X","X","AJACCIO","AJACCIO"
"FR028",NA,NA,NA,"X",NA,"SAINT_DENIS"
"FR030",NA,NA,NA,"X",NA,"FORT_FRANCE"
"FR032","FR032","X","X","X","TOULON","TOULON"
"FR034",NA,NA,"X","X",NA,"VALENCIENNES"
"FR035","FR035","X","X","X","TOURS","TOURS"
"FR036",NA,NA,"X","X",NA,"ANGERS"
"FR037",NA,NA,"X","X",NA,"BREST"
"FR038",NA,NA,"X","X",NA,"MANS"
"FR039",NA,NA,"X","X",NA,"AVIGNON"
"FR040",NA,NA,"X","X",NA,"MULHOUSE"
"FR042",NA,NA,"X","X",NA,"DUNKERQUE"
"FR043",NA,NA,"X","X",NA,"PERPIGNAN"
"FR044",NA,NA,"X","X",NA,"NIMES"
"FR045",NA,NA,"X","X",NA,"PAU"
"FR046",NA,NA,"X","X",NA,"BAYONNE"
"FR047",NA,NA,"X","X",NA,"ANNEMASSE"
"FR048",NA,NA,"X","X",NA,"ANNECY"
"FR049",NA,NA,"X","X",NA,"LORIENT"
"FR050",NA,NA,"X","X",NA,"MONTBELIARD"
"FR051",NA,NA,"X","X",NA,"TROYES"
"FR052",NA,NA,"X","X",NA,"SAINT_NAZAIRE"
"FR053",NA,NA,"X","X",NA,"ROCHELLE"
"FR056",NA,NA,"X","X",NA,"ANGOULEME"
"FR057",NA,NA,"X","X",NA,"BOULOGNE_SUR_MER"
"FR058",NA,NA,"X","X",NA,"CHAMBERY"
"FR059",NA,NA,"X","X",NA,"CHALON_SUR_SAONE"
"FR060",NA,NA,"X","X",NA,"CHARTRES"
"FR061",NA,NA,"X","X",NA,"NIORT"
"FR062",NA,NA,"X","X",NA,"CALAIS"
"FR063",NA,NA,"X","X",NA,"BEZIERS"
"FR064",NA,NA,"X","X",NA,"ARRAS"
"FR065",NA,NA,"X","X",NA,"BOURGES"
"FR066",NA,NA,"X","X",NA,"SAINT_BRIEUC"
"FR067",NA,NA,"X","X",NA,"QUIMPER"
"FR068",NA,NA,"X","X",NA,"VANNES"
"FR069",NA,NA,"X","X",NA,"CHERBOURG"
"FR073",NA,NA,"X","X",NA,"TARBES"
"FR074",NA,NA,"X","X",NA,"COMPIEGNE"
"FR076",NA,NA,"X","X",NA,"BELFORT"
"FR077",NA,NA,"X","X",NA,"ROANNE"
"FR079",NA,NA,"X","X",NA,"SAINT_QUENTIN"
"FR082",NA,NA,"X","X",NA,"BEAUVAIS"
"FR084",NA,NA,"X","X",NA,"CREIL"
"FR086",NA,NA,"X","X",NA,"EVREUX"
"FR090",NA,NA,"X","X",NA,"CHATEAUROUX"
"FR093",NA,NA,"X","X",NA,"BRIVE_GAILLARDE"
"FR096",NA,NA,"X","X",NA,"ALBI"
"FR099",NA,NA,"X","X",NA,"FREJUS"
"FR104",NA,NA,"X","X",NA,"CHALONS_CHAMPAGNE"
"FR203","FR203","X","X","X","MARSEILLE","MARSEILLE"
"FR205","FR205","X","X","X","NICE","NICE"
"FR207","FR207","X","X","X","LENS_LIEVIN","LENS_LIEVIN"
"FR208",NA,NA,"X","X",NA,"HENIN_CARVIN"
"FR209",NA,NA,"X","X",NA,"DOUAI"
"FR214",NA,NA,"X","X",NA,"VALENCE"
"FR215","FR215","X","X","X","ROUEN","ROUEN"
"FR304","FR304","X","X","X","MELUN","MELUN"
"FR324",NA,NA,"X","X",NA,"MARTIGUES"
"FR505",NA,NA,"X","X",NA,"CHARLEVILLE_MEZIERES"
"FR506",NA,NA,"X","X",NA,"COLMAR"
"FR519",NA,NA,"X","X",NA,"CANNES"
"HR001",NA,NA,"X","X",NA,"GRAD_ZAGREB"
"HR002",NA,NA,"X","X",NA,"RIJEKA"
"HR003",NA,NA,"X","X",NA,"SLAVONSKI_BROD"
"HR004",NA,NA,"X","X",NA,"OSIJEK"
"HR005",NA,NA,"X","X",NA,"SPLIT"
"HR006",NA,NA,"X","X",NA,"PULA_POLA"
"HR007",NA,NA,"X","X",NA,"ZADAR"
"HU001","HU001","X","X","X","BUDAPEST","BUDAPEST"
"HU002","HU002","X","X","X","MISKOLC","MISKOLC"
"HU003","HU003","X","X","X","NYIREGYHAZA","NYIREGYHAZA"
"HU004","HU004","X","X","X","PECS","PECS"
"HU005","HU005","X","X","X","DEBRECEN","DEBRECEN"
"HU006","HU006","X","X","X","SZEGED","SZEGED"
"HU007","HU007","X","X","X","GYOR","GYOR"
"HU008","HU008","X","X","X","KECSKEMET","KECSKEMET"
"HU009","HU009","X","X","X","SZEKESFEHERVAR","SZEKESFEHERVAR"
"HU010",NA,NA,"X","X",NA,"SZOMBATHELY"
"HU011",NA,NA,"X","X",NA,"SZOLNOK"
"HU012",NA,NA,"X","X",NA,"TATABANYA"
"HU013",NA,NA,"X","X",NA,"VESZPREM"
"HU014",NA,NA,"X","X",NA,"BEKESCSABA"
"HU015",NA,NA,"X","X",NA,"KAPOSVAR"
"HU016",NA,NA,"X","X",NA,"EGER"
"HU017",NA,NA,"X","X",NA,"DUNAUJVAROS"
"HU018",NA,NA,"X","X",NA,"ZALAEGERSZEG"
"HU019",NA,NA,"X","X",NA,"SOPRON"
"IE001","IE001","X","X","X","DUBLIN","DUBLIN"
"IE002","IE002","X","X","X","CORK","CORK"
"IE003","IE003","X","X","X","LIMERICK","LIMERICK"
"IE004","IE004","X","X","X","GALWAY","GALWAY"
"IE005","IE005","X","X","X","WATERFORD","WATERFORD"
"IS001",NA,NA,"X","X",NA,"REYKJAVIK"
"IT001","IT001","X","X","X","ROMA","ROMA"
"IT002","IT002","X","X","X","MILANO","MILANO"
"IT003","IT003","X","X","X","NAPOLI","NAPOLI"
"IT004","IT004","X","X","X","TORINO","TORINO"
"IT005","IT005","X","X","X","PALERMO","PALERMO"
"IT006","IT006","X","X","X","GENOVA","GENOVA"
"IT007","IT007","X","X","X","FIRENZE","FIRENZE"
"IT008","IT008","X","X","X","BARI","BARI"
"IT009","IT009","X","X","X","BOLOGNA","BOLOGNA"
"IT010","IT010","X","X","X","CATANIA","CATANIA"
"IT011","IT011","X","X","X","VENEZIA","VENEZIA"
"IT012","IT012","X","X","X","VERONA","VERONA"
"IT013","IT013","X","X","X","CREMONA","CREMONA"
"IT014","IT014","X","X","X","TRENTO","TRENTO"
"IT015","IT015","X","X","X","TRIESTE","TRIESTE"
"IT016","IT016","X","X","X","PERUGIA","PERUGIA"
"IT017","IT017","X","X","X","ANCONA","ANCONA"
"IT019","IT019","X","X","X","PESCARA","PESCARA"
"IT020","IT020","X","X","X","CAMPOBASSO","CAMPOBASSO"
"IT021","IT021","X","X","X","CASERTA","CASERTA"
"IT022","IT022","X","X","X","TARANTO","TARANTO"
"IT023","IT023","X","X","X","POTENZA","POTENZA"
"IT024","IT024","X","X","X","CATANZARO","CATANZARO"
"IT025","IT025","X","X","X","REGGIO_CALABRIA","REGGIO_CALABRIA"
"IT026","IT026","X","X","X","SASSARI","SASSARI"
"IT027","IT027","X","X","X","CAGLIARI","CAGLIARI"
"IT028","IT028","X","X","X","PADOVA","PADOVA"
"IT029","IT029","X","X","X","BRESCIA","BRESCIA"
"IT030","IT030","X","X","X","MODENA","MODENA"
"IT031","IT031","X","X","X","FOGGIA","FOGGIA"
"IT032","IT032","X","X","X","SALERNO","SALERNO"
"IT033",NA,NA,"X","X",NA,"PIACENZA"
"IT034",NA,NA,"X","X",NA,"BOLZANO"
"IT035",NA,NA,"X","X",NA,"UDINE"
"IT036",NA,NA,"X","X",NA,"SPEZIA"
"IT037",NA,NA,"X","X",NA,"LECCE"
"IT038",NA,NA,"X","X",NA,"BARLETTA"
"IT039",NA,NA,"X","X",NA,"PESARO"
"IT040",NA,NA,"X","X",NA,"COMO"
"IT041",NA,NA,"X","X",NA,"PISA"
"IT042",NA,NA,"X","X",NA,"TREVISO"
"IT043",NA,NA,"X","X",NA,"VARESE"
"IT045",NA,NA,"X","X",NA,"ASTI"
"IT046",NA,NA,"X","X",NA,"PAVIA"
"IT047",NA,NA,"X","X",NA,"MASSA"
"IT048",NA,NA,"X","X",NA,"COSENZA"
"IT052",NA,NA,"X","X",NA,"SAVONA"
"IT054",NA,NA,"X","X",NA,"MATERA"
"IT056",NA,NA,"X","X",NA,"ACIREALE"
"IT057",NA,NA,"X","X",NA,"AVELLINO"
"IT058",NA,NA,"X","X",NA,"PORDENONE"
"IT060",NA,NA,"X","X",NA,"LECCO"
"IT061",NA,NA,"X","X",NA,"ALTAMURA"
"IT064",NA,NA,"X","X",NA,"BATTIPAGLIA"
"IT065",NA,NA,"X","X",NA,"BISCEGLIE"
"IT066",NA,NA,"X","X",NA,"CARPI"
"IT067",NA,NA,"X","X",NA,"CERIGNOLA"
"IT068",NA,NA,"X","X",NA,"GALLARATE"
"IT069",NA,NA,"X","X",NA,"GELA"
"IT073",NA,NA,"X","X",NA,"SASSUOLO"
"IT501",NA,NA,"X","X",NA,"MESSINA"
"IT502",NA,NA,"X","X",NA,"PRATO"
"IT503",NA,NA,"X","X",NA,"PARMA"
"IT504",NA,NA,"X","X",NA,"LIVORNO"
"IT505",NA,NA,"X","X",NA,"REGGIO_NELL_EMILIA"
"IT506",NA,NA,"X","X",NA,"RAVENNA"
"IT507",NA,NA,"X","X",NA,"FERRARA"
"IT508",NA,NA,"X","X",NA,"RIMINI"
"IT509",NA,NA,"X","X",NA,"SIRACUSA"
"IT511",NA,NA,"X","X",NA,"BERGAMO"
"IT512",NA,NA,"X","X",NA,"FORLI"
"IT513",NA,NA,"X","X",NA,"LATINA"
"IT514",NA,NA,"X","X",NA,"VICENZA"
"IT515",NA,NA,"X","X",NA,"TERNI"
"IT516",NA,NA,"X","X",NA,"NOVARA"
"IT518",NA,NA,"X","X",NA,"ALESSANDRIA"
"IT519",NA,NA,"X","X",NA,"AREZZO"
"IT520",NA,NA,"X","X",NA,"GROSSETO"
"IT521",NA,NA,"X","X",NA,"BRINDISI"
"IT522",NA,NA,"X","X",NA,"TRAPANI"
"IT523",NA,NA,"X","X",NA,"RAGUSA"
"IT524",NA,NA,"X","X",NA,"ANDRIA"
"IT525",NA,NA,"X","X",NA,"TRANI"
"IT526",NA,NA,"X","X",NA,"AQUILA"
"LT001","LT001","X","X","X","VILNIUS","VILNIUS"
"LT002","LT002","X","X","X","KAUNAS","KAUNAS"
"LT003","LT003","X","X","X","PANEVEZYS","PANEVEZYS"
"LT004",NA,NA,"X","X",NA,"ALYTUS"
"LT501",NA,NA,"X","X",NA,"KLAIPEDA"
"LT502",NA,NA,"X","X",NA,"SIAULIAI"
"LU001","LU001","X","X","X","LUXEMBOURG","LUXEMBOURG"
"LV001","LV001","X","X","X","RIGA","RIGA"
"LV002","LV002","X","X","X","LIEPAJA","LIEPAJA"
"LV003",NA,NA,"X","X",NA,"JELGAVA"
"LV501",NA,NA,"X","X",NA,"DAUGAVPILS"
"ME001",NA,NA,"X","X",NA,"PODGORICA"
"MK001",NA,NA,"X","X",NA,"SKOPJE"
"MK003",NA,NA,"X","X",NA,"BITOLA"
"MK004",NA,NA,"X","X",NA,"TETOVO"
"MK005",NA,NA,"X","X",NA,"PRILEP"
"MT001","MT001","X","X","X","VALLETTA","VALLETTA"
"NL001","NL001","X","X","X","GRAVENHAGE","GRAVENHAGE"
"NL002","NL002","X","X","X","AMSTERDAM","AMSTERDAM"
"NL003","NL003","X","X","X","ROTTERDAM","ROTTERDAM"
"NL004","NL004","X","X","X","UTRECHT","UTRECHT"
"NL005","NL005","X","X","X","EINDHOVEN","EINDHOVEN"
"NL006","NL006","X","X","X","TILBURG","TILBURG"
"NL007","NL007","X","X","X","GRONINGEN","GRONINGEN"
"NL008","NL008","X","X","X","ENSCHEDE","ENSCHEDE"
"NL009","NL009","X","X","X","ARNHEM","ARNHEM"
"NL010","NL010","X","X","X","HEERLEN","HEERLEN"
"NL012","NL012","X","X","X","BREDA","BREDA"
"NL013","NL013","X","X","X","NIJMEGEN","NIJMEGEN"
"NL014","NL014","X","X","X","APELDOORN","APELDOORN"
"NL015","NL015","X","X","X","LEEUWARDEN","LEEUWARDEN"
"NL016",NA,NA,"X","X",NA,"SITTARD_GELEEN"
"NL001","NL017","X",NA,NA,"DELFT","GRAVENHAGE"
"NL020",NA,NA,"X","X",NA,"ROOSENDAAL"
"NL026",NA,NA,"X","X",NA,"ALPHEN_AAN_DEN_RIJN"
"NL028",NA,NA,"X","X",NA,"BERGEN_ZOOM"
"NL030",NA,NA,"X","X",NA,"GOUDA"
"NL032",NA,NA,"X","X",NA,"MIDDELBURG"
"NL503",NA,NA,"X","X",NA,"HERTOGENBOSCH"
"NL504",NA,NA,"X","X",NA,"AMERSFOORT"
"NL505",NA,NA,"X","X",NA,"MAASTRICHT"
"NL507",NA,NA,"X","X",NA,"LEIDEN"
"NL511",NA,NA,"X","X",NA,"ZWOLLE"
"NL512",NA,NA,"X","X",NA,"EDE"
"NL513",NA,NA,"X","X",NA,"DEVENTER"
"NL514",NA,NA,"X","X",NA,"ALKMAAR"
"NL515",NA,NA,"X","X",NA,"VENLO"
"NL519",NA,NA,"X","X",NA,"ALMELO"
"NL520",NA,NA,"X","X",NA,"LELYSTAD"
"NL521",NA,NA,"X","X",NA,"OSS"
"NL522",NA,NA,"X","X",NA,"ASSEN"
"NL524",NA,NA,"X","X",NA,"VEENENDAAL"
"NL529",NA,NA,"X","X",NA,"SOEST"
"NO001",NA,NA,"X","X",NA,"OSLO"
"NO002",NA,NA,"X","X",NA,"BERGEN"
"NO003",NA,NA,"X","X",NA,"TRONDHEIM"
"NO004",NA,NA,"X","X",NA,"STAVANGER"
"NO005",NA,NA,"X","X",NA,"KRISTIANSAND"
"NO006",NA,NA,"X","X",NA,"TROMSO"
"PL001","PL001","X","X","X","WARSZAWA","WARSZAWA"
"PL002","PL002","X","X","X","LODZ","LODZ"
"PL003","PL003","X","X","X","KRAKOW","KRAKOW"
"PL004","PL004","X","X","X","WROCLAW","WROCLAW"
"PL005","PL005","X","X","X","POZNAN","POZNAN"
"PL006","PL006","X","X","X","GDANSK","GDANSK"
"PL007","PL007","X","X","X","SZCZECIN","SZCZECIN"
"PL008","PL008","X","X","X","BYDGOSZCZ","BYDGOSZCZ"
"PL009","PL009","X","X","X","LUBLIN","LUBLIN"
"PL010","PL010","X","X","X","KATOWICE","KATOWICE"
"PL011","PL011","X","X","X","BIALYSTOK","BIALYSTOK"
"PL012","PL012","X","X","X","KIELCE","KIELCE"
"PL013","PL013","X","X","X","TORUN","TORUN"
"PL014","PL014","X","X","X","OLSZTYN","OLSZTYN"
"PL015","PL015","X","X","X","RZESZOW","RZESZOW"
"PL016","PL016","X","X","X","OPOLE","OPOLE"
"PL017","PL017","X","X","X","GORZOW_WIELKOPOLSKI","GORZOW_WIELKOPOLSKI"
"PL018","PL018","X","X","X","ZIELONA_GORA","ZIELONA_GORA"
"PL019","PL019","X","X","X","JELENIA_GORA","JELENIA_GORA"
"PL020","PL020","X","X","X","NOWY_SACZ","NOWY_SACZ"
"PL021","PL021","X","X","X","SUWALKI","SUWALKI"
"PL022","PL022","X","X","X","KONIN","KONIN"
"PL024","PL024","X","X","X","CZESTOCHOWA","CZESTOCHOWA"
"PL025","PL025","X","X","X","RADOM","RADOM"
"PL026","PL026","X","X","X","PLOCK","PLOCK"
"PL027","PL027","X","X","X","KALISZ","KALISZ"
"PL028","PL028","X","X","X","KOSZALIN","KOSZALIN"
"PL029",NA,NA,"X","X",NA,"SLUPSK"
"PL030","PL030","X","X","X","JASTRZEBIE_ZDROJ","JASTRZEBIE_ZDROJ"
"PL031",NA,NA,"X","X",NA,"SIEDLCE"
"PL032",NA,NA,"X","X",NA,"PIOTRKOW_TRYBUNALSKI"
"PL033",NA,NA,"X","X",NA,"LUBIN"
"PL034",NA,NA,"X","X",NA,"PILA"
"PL035",NA,NA,"X","X",NA,"INOWROCLAW"
"PL036",NA,NA,"X","X",NA,"OSTROWIEC_SWIETOKRZYSKI"
"PL037",NA,NA,"X","X",NA,"GNIEZNO"
"PL038","PL038","X","X","X","STARGARD_SZCZECINSKI","STARGARD_SZCZECINSKI"
"PL039","PL039","X","X","X","OSTROW_WIELKOPOLSKI","OSTROW_WIELKOPOLSKI"
"PL040",NA,NA,"X","X",NA,"PRZEMYSL"
"PL041",NA,NA,"X","X",NA,"ZAMOSC"
"PL042",NA,NA,"X","X",NA,"CHELM"
"PL043","PL043","X","X","X","PABIANICE","PABIANICE"
"PL044",NA,NA,"X","X",NA,"GLOGOW"
"PL045",NA,NA,"X","X",NA,"STALOWA_WOLA"
"PL046",NA,NA,"X","X",NA,"TOMASZOW_MAZOWIECKI"
"PL047",NA,NA,"X","X",NA,"LOMZA"
"PL048",NA,NA,"X","X",NA,"LESZNO"
"PL049",NA,NA,"X","X",NA,"SWIDNICA"
"PL051",NA,NA,"X","X",NA,"TCZEW"
"PL052",NA,NA,"X","X",NA,"ELK"
"PL506",NA,NA,"X","X",NA,"BIELSKO_BIALA"
"PL508","PL508","X","X","X","RYBNIK","RYBNIK"
"PL511",NA,NA,"X","X",NA,"WALBRZYCH"
"PL512",NA,NA,"X","X",NA,"ELBLAG"
"PL513",NA,NA,"X","X",NA,"WLOCLAWEK"
"PL514",NA,NA,"X","X",NA,"TARNOW"
"PL516",NA,NA,"X","X",NA,"LEGNICA"
"PL517",NA,NA,"X","X",NA,"GRUDZIADZ"
"PT001","PT006","X","X","X","SETUBAL","LISBOA"
"PT001","PT001","X","X","X","LISBOA","LISBOA"
"PT002","PT002","X","X","X","PORTO","PORTO"
"PT003","PT003","X","X","X","BRAGA","BRAGA"
"PT004",NA,NA,"X","X",NA,"FUNCHAL"
"PT005","PT005","X","X","X","COIMBRA","COIMBRA"
"PT007",NA,NA,NA,"X",NA,"PONTA_DELGADA"
"PT008","PT008","X","X","X","AVEIRO","AVEIRO"
"PT009","PT009","X","X","X","FARO","FARO"
"PT014",NA,NA,"X","X",NA,"VISEU"
"PT016",NA,NA,"X","X",NA,"VIANA_CASTELO"
"PT019",NA,NA,"X","X",NA,"POVOA_VARZIM"
"PT505",NA,NA,"X","X",NA,"GUIMARAES"
"RO001","RO001","X","X","X","BUCURESTI","BUCURESTI"
"RO002","RO002","X","X","X","CLUJ_NAPOCA","CLUJ_NAPOCA"
"RO003","RO003","X","X","X","TIMISOARA","TIMISOARA"
"RO004","RO004","X","X","X","CRAIOVA","CRAIOVA"
"RO005","RO005","X","X","X","BRAILA","BRAILA"
"RO006","RO006","X","X","X","ORADEA","ORADEA"
"RO007","RO007","X","X","X","BACAU","BACAU"
"RO008","RO008","X","X","X","ARAD","ARAD"
"RO009","RO009","X","X","X","SIBIU","SIBIU"
"RO010","RO010","X","X","X","TARGU_MURES","TARGU_MURES"
"RO011","RO011","X","X","X","PIATRA_NEAMT","PIATRA_NEAMT"
"RO012","RO012","X","X","X","CALARASI","CALARASI"
"RO013","RO013","X","X","X","GIURGIU","GIURGIU"
"RO014","RO014","X","X","X","ALBA_IULIA","ALBA_IULIA"
"RO015",NA,NA,"X","X",NA,"FOCSANI"
"RO016",NA,NA,"X","X",NA,"TARGU_JIU"
"RO017",NA,NA,"X","X",NA,"TULCEA"
"RO018",NA,NA,"X","X",NA,"TARGOVISTE"
"RO019",NA,NA,"X","X",NA,"SLATINA"
"RO020",NA,NA,"X","X",NA,"BARLAD"
"RO021",NA,NA,"X","X",NA,"ROMAN"
"RO022",NA,NA,"X","X",NA,"BISTRITA"
"RO501",NA,NA,"X","X",NA,"CONSTANTA"
"RO502",NA,NA,"X","X",NA,"IASI"
"RO503",NA,NA,"X","X",NA,"GALATI"
"RO504",NA,NA,"X","X",NA,"BRASOV"
"RO505",NA,NA,"X","X",NA,"PLOIESTI"
"RO506",NA,NA,"X","X",NA,"PITESTI"
"RO507",NA,NA,"X","X",NA,"BAIA_MARE"
"RO508",NA,NA,"X","X",NA,"BUZAU"
"RO509",NA,NA,"X","X",NA,"SATU_MARE"
"RO510",NA,NA,"X","X",NA,"BOTOSANI"
"RO511",NA,NA,"X","X",NA,"RAMNICU_VALCEA"
"RO512",NA,NA,"X","X",NA,"SUCEAVA"
"RO513",NA,NA,"X","X",NA,"DROBETA_TURNU_SEVERIN"
"RS001",NA,NA,"X","X",NA,"BEOGRAD"
"RS002",NA,NA,"X","X",NA,"NOVI_SAD"
"RS003",NA,NA,"X","X",NA,"NIS"
"RS004",NA,NA,"X","X",NA,"KRAGUJEVAC"
"RS005",NA,NA,"X","X",NA,"SUBOTICA"
"RS006",NA,NA,"X","X",NA,"NOVI_PAZAR"
"RS008",NA,NA,"X","X",NA,"ZRENJANIN"
"RS009",NA,NA,"X","X",NA,"KRALJEVO"
"RS011",NA,NA,"X","X",NA,"CACAK"
"RS012",NA,NA,"X","X",NA,"KRUSEVAC"
"RS013",NA,NA,"X","X",NA,"LESKOVAC"
"RS014",NA,NA,"X","X",NA,"VALJEVO"
"RS015",NA,NA,"X","X",NA,"VRANJE"
"RS016",NA,NA,"X","X",NA,"SMEDEREVO"
"SE001","SE001","X","X","X","STOCKHOLM","STOCKHOLM"
"SE002","SE002","X","X","X","GOTEBORG","GOTEBORG"
"SE003","SE003","X","X","X","MALMO","MALMO"
"SE004","SE004","X","X","X","JONKOPING","JONKOPING"
"SE005","SE005","X","X","X","UMEA","UMEA"
"SE006","SE006","X","X","X","UPPSALA","UPPSALA"
"SE007","SE007","X","X","X","LINKOPING","LINKOPING"
"SE008","SE008","X","X","X","OREBRO","OREBRO"
"SE501",NA,NA,"X","X",NA,"VASTERAS"
"SE502",NA,NA,"X","X",NA,"NORRKOPING"
"SE503",NA,NA,"X","X",NA,"HELSINGBORG"
"SE505",NA,NA,"X","X",NA,"BORAS"
"SI001","SI001","X","X","X","LJUBLJANA","LJUBLJANA"
"SI002","SI002","X","X","X","MARIBOR","MARIBOR"
"SK001","SK001","X","X","X","BRATISLAVA","BRATISLAVA"
"SK002","SK002","X","X","X","KOSICE","KOSICE"
"SK003","SK003","X","X","X","BANSKA_BYSTRICA","BANSKA_BYSTRICA"
"SK004","SK004","X","X","X","NITRA","NITRA"
"SK005","SK005","X","X","X","PRESOV","PRESOV"
"SK006","SK006","X","X","X","ZILINA","ZILINA"
"SK007","SK007","X","X","X","TRNAVA","TRNAVA"
"SK008","SK008","X","X","X","TRENCIN","TRENCIN"
"TR001",NA,NA,"X","X",NA,"ANKARA"
"TR002",NA,NA,"X","X",NA,"ADANA_MERSIN"
"TR003",NA,NA,"X","X",NA,"ANTALYA"
"TR004",NA,NA,"X","X",NA,"BALIKESIR"
"TR006",NA,NA,"X","X",NA,"DENIZLI"
"TR007",NA,NA,"X","X",NA,"DIYARBAKIR"
"TR008",NA,NA,"X","X",NA,"EDIRNE"
"TR009",NA,NA,"X","X",NA,"ERZURUM"
"TR010",NA,NA,"X","X",NA,"GAZIANTEP"
"TR011",NA,NA,"X","X",NA,"ANTAKYA"
"TR012",NA,NA,"X","X",NA,"ISTANBUL"
"TR013",NA,NA,"X","X",NA,"IZMIR"
"TR014",NA,NA,"X","X",NA,"KARS"
"TR015",NA,NA,"X","X",NA,"KASTAMONU"
"TR016",NA,NA,"X","X",NA,"KAYSERI"
"TR018",NA,NA,"X","X",NA,"KONYA"
"TR019",NA,NA,"X","X",NA,"MALATYA"
"TR021",NA,NA,"X","X",NA,"NEVSEHIR"
"TR022",NA,NA,"X","X",NA,"SAMSUN"
"TR023",NA,NA,"X","X",NA,"SIIRT"
"TR024",NA,NA,"X","X",NA,"TRABZON"
"TR025",NA,NA,"X","X",NA,"VAN"
"TR026",NA,NA,"X","X",NA,"ZONGULDAK"
"TR027",NA,NA,"X","X",NA,"ESKISEHIR"
"TR028",NA,NA,"X","X",NA,"SANLIURFA"
"TR029",NA,NA,"X","X",NA,"KAHRAMANMARAS"
"TR030",NA,NA,"X","X",NA,"BATMAN"
"TR031",NA,NA,"X","X",NA,"SIVAS"
"TR032",NA,NA,"X","X",NA,"ELAZIG"
"TR033",NA,NA,"X","X",NA,"ISPARTA"
"TR034",NA,NA,"X","X",NA,"CORUM"
"TR035",NA,NA,"X","X",NA,"OSMANIYE"
"TR036",NA,NA,"X","X",NA,"AKSARAY"
"TR037",NA,NA,"X","X",NA,"AYDIN"
"TR038",NA,NA,"X","X",NA,"SIVEREK"
"TR039",NA,NA,"X","X",NA,"AFYONKARAHISAR"
"TR040",NA,NA,"X","X",NA,"ORDU"
"TR041",NA,NA,"X","X",NA,"NIGDE"
"TR042",NA,NA,"X","X",NA,"USAK"
"TR043",NA,NA,"X","X",NA,"AGRI"
"TR044",NA,NA,"X","X",NA,"KARAMAN"
"TR045",NA,NA,"X","X",NA,"YUMURTALIK"
"TR046",NA,NA,"X","X",NA,"RIZE"
"TR047",NA,NA,"X","X",NA,"ERGANI"
"TR048",NA,NA,"X","X",NA,"KUTAHYA"
"TR049",NA,NA,"X","X",NA,"KADIRLI"
"TR050",NA,NA,"X","X",NA,"KARABUK"
"TR051",NA,NA,"X","X",NA,"CANAKKALE"
"TR052",NA,NA,"X","X",NA,"AKCAKALE"
"TR053",NA,NA,"X","X",NA,"ERCIS"
"TR054",NA,NA,"X","X",NA,"EREGLI"
"TR055",NA,NA,"X","X",NA,"ADIYAMAN"
"TR056",NA,NA,"X","X",NA,"VIRANSEHIR"
"TR057",NA,NA,"X","X",NA,"FETHIYE"
"TR058",NA,NA,"X","X",NA,"CEYLANPINAR"
"TR059",NA,NA,"X","X",NA,"TOKAT"
"TR060",NA,NA,"X","X",NA,"PATNOS"
"TR061",NA,NA,"X","X",NA,"ODEMIS"
"TR062",NA,NA,"X","X",NA,"BOLU"
"TR063",NA,NA,"X","X",NA,"BANDIRMA"
"TR064",NA,NA,"X","X",NA,"MUS"
"TR065",NA,NA,"X","X",NA,"ELBISTAN"
"TR066",NA,NA,"X","X",NA,"NIZIP"
"TR067",NA,NA,"X","X",NA,"SURUC"
"TR068",NA,NA,"X","X",NA,"SALIHLI"
"TR069",NA,NA,"X","X",NA,"KILIS"
"TR070",NA,NA,"X","X",NA,"KIZILTEPE"
"TR071",NA,NA,"X","X",NA,"MIDYAT"
"TR072",NA,NA,"X","X",NA,"CIZRE"
"TR073",NA,NA,"X","X",NA,"CANKIRI"
"TR074",NA,NA,"X","X",NA,"BINGOL"
"TR075",NA,NA,"X","X",NA,"AKSEHIR"
"TR076",NA,NA,"X","X",NA,"POLATLI"
"TR077",NA,NA,"X","X",NA,"MANAVGAT"
"TR078",NA,NA,"X","X",NA,"YOZGAT"
"TR079",NA,NA,"X","X",NA,"ALASEHIR"
"UK001","UK001","X","X","X","LONDON","LONDON"
"UK002","UK002","X","X","X","WEST_MIDLANDS_URBAN_AREA","WEST_MIDLANDS_URBAN_AREA"
"UK003","UK005","X","X","X","BRADFORD","LEEDS"
"UK003","UK501","X","X","X","KIRKLEES","LEEDS"
"UK003","UK003","X","X","X","LEEDS","LEEDS"
"UK004","UK004","X","X","X","GLASGOW","GLASGOW"
"UK006","UK006","X","X","X","LIVERPOOL","LIVERPOOL"
"UK007","UK007","X","X","X","EDINBURGH","EDINBURGH"
"UK008","UK008","X","X","X","MANCHESTER","GREATER_MANCHESTER"
"UK009","UK009","X","X","X","CARDIFF","CARDIFF"
"UK010","UK519","X","X","X","BARNSLEY","SHEFFIELD"
"UK010","UK010","X","X","X","SHEFFIELD","SHEFFIELD"
"UK011","UK011","X","X","X","BRISTOL","BRISTOL"
"UK012","UK012","X","X","X","BELFAST","BELFAST"
"UK013","UK013","X","X","X","NEWCASTLE_UPON_TYNE","NEWCASTLE_UPON_TYNE"
"UK014","UK014","X","X","X","LEICESTER","LEICESTER"
"UK015","UK015","X",NA,NA,"DERRY",NA
"UK016","UK016","X","X","X","ABERDEEN","ABERDEEN"
"UK017","UK017","X","X","X","CAMBRIDGE","CAMBRIDGE"
"UK018","UK018","X","X","X","EXETER","EXETER"
"UK019","UK019","X","X","X","LINCOLN","LINCOLN"
"UK021","UK021","X",NA,NA,"STEVENAGE",NA
"UK022","UK022","X",NA,NA,"WREXHAM",NA
"UK023","UK023","X","X","X","PORTSMOUTH","PORTSMOUTH"
"UK024","UK024","X","X","X","WORCESTER","WORCESTER"
"UK025","UK025","X","X","X","COVENTRY","COVENTRY"
"UK025","UK564","X","X","X","WARWICK","COVENTRY"
"UK026","UK026","X","X","X","KINGSTON_UPON_HULL","KINGSTON_UPON_HULL"
"UK027","UK027","X","X","X","STOKE_TRENT","STOKE_TRENT"
"UK029","UK029","X","X","X","NOTTINGHAM","NOTTINGHAM"
"UK031","UK031","X",NA,NA,"BATH_AND_NORTH_EAST_SOMERSET",NA
"UK033","UK033","X","X","X","GUILDFORD","GUILDFORD"
"UK001","UK040","X",NA,NA,"TUNBRIDGE_WELLS","LONDON"
"UK047","UK047","X",NA,NA,"CHESTERFIELD",NA
"UK050",NA,NA,"X","X",NA,"BURNLEY"
"UK056",NA,NA,"X","X",NA,"HASTINGS"
"UK513","UK513","X",NA,NA,"MEDWAY",NA
"UK515",NA,NA,"X","X",NA,"BRIGHTON_AND_HOVE"
"UK516",NA,NA,"X","X",NA,"PLYMOUTH"
"UK517",NA,NA,"X","X",NA,"SWANSEA"
"UK518",NA,NA,"X","X",NA,"DERBY"
"UK520",NA,NA,"X","X",NA,"SOUTHAMPTON"
"UK528",NA,NA,"X","X",NA,"NORTHAMPTON"
"UK539",NA,NA,"X","X",NA,"BOURNEMOUTH"
"UK546",NA,NA,"X","X",NA,"COLCHESTER"
"UK550",NA,NA,"X","X",NA,"DUNDEE_CITY"
"UK551",NA,NA,"X","X",NA,"FALKIRK"
"UK552",NA,NA,"X","X",NA,"READING"
"UK553",NA,NA,"X","X",NA,"BLACKPOOL"
"UK554","UK554","X",NA,NA,"MAIDSTONE",NA
"UK556","UK556","X",NA,NA,"DACORUM",NA
"UK557",NA,NA,"X","X",NA,"BLACKBURN_WITH_DARWEN"
"UK558",NA,NA,"X","X",NA,"NEWPORT"
"UK559",NA,NA,"X","X",NA,"MIDDLESBROUGH"
"UK560",NA,NA,"X","X",NA,"OXFORD"
"UK562",NA,NA,"X","X",NA,"PRESTON"
"UK566",NA,NA,"X","X",NA,"NORWICH"
"UK568",NA,NA,"X","X",NA,"CHESHIRE_WEST_AND_CHESTER"
"UK569",NA,NA,"X","X",NA,"IPSWICH"
"UK571",NA,NA,"X","X",NA,"CHELTENHAM"
"UK573","UK573","X",NA,NA,"BRACKNELL_FOREST",NA
"XK001",NA,NA,"X","X",NA,"PRISTINA"
"XK002",NA,NA,"X","X",NA,"PRIZREN"
"XK003",NA,NA,"X","X",NA,"MITROVICE"
